taxon,sequence,locus,ampness,is_amp,charge,hydophobicity,hmoment,insta_index
rootF3,KAKAIAAADAKASAMVKTVAVALAKAYVRAAAASAAASAKAVATVKEA,KIKT region,1.21561448553,True,5.99728694381,0.557627118644,0.444443197033,5.3813559322
AmelF3,KIKTSASVNAKAAAVVKASALALAEAYLRASALSAAASAKAAAALKNA,KIKT region,1.0871057737,True,5.99713549351,0.486440677966,0.381482372447,6.25593220339
twoBeesF3,KIKASAGADAKASAVVKASALALAEAYLRASALSAAASAKAAAALKNA,KIKT region,0.866916948481,True,4.99758197766,0.450847457627,0.381482372447,3.37796610169
AdorF3,KIKASAGADAKTSAVVKASALALAEAYLRASALSAAASAKAAAALKNA,KIKT region,0.831545965698,True,4.99758197766,0.408474576271,0.381482372447,3.37796610169
twoAntsF3,KAEASAAAGAEALAMIKKIAVALIRAYVRAAEASARASAEALATVRAA,KIKT region,0.795289296289,True,3.0033360294,0.486440677966,0.660527858205,3.47966101695
MforF4,AAAALAIA,283-291,0.792583838439,True,-0.00201570060725,2.3875,0.0826516630252,8.75
twoAntsF4,AAAALAIA,283-291,0.792583838439,True,-0.00201570060725,2.3875,0.0826516630252,8.75
AdorF4,LANKVAALV,182-191,0.776570948528,True,0.997689265541,1.55555555556,0.450765947494,25.7666666667
OsmaF3,KAQASAQSSAEALAIIKKIVALLISAYVRAAEAAARASAEALATVRAA,KIKT region,0.760914238107,True,3.00156421796,0.530508474576,0.622097320872,14.1915254237
AmelF2,AQVKAAIARKSAANFLAKAQIAAAA,270-297,0.746087215458,True,3.99709588654,0.514814814815,0.443290812558,-0.907407407407
twoBeesF2,AQVKAAIARKSAANFLAKAQVAAAA,270-297,0.744846612239,True,3.99709588654,0.503703703704,0.443290812558,-3.7
BterF3,STKATAAAEAKASAKVKASALALAEAFLRASAAFAAASAKAAAAVKEA,KIKT region,0.715610183715,True,4.00153615322,0.420338983051,0.463620782217,8.64576271186
AdorF2,AQVKAAIARKSAANFLAKAQVAAAT,270-297,0.676934325295,True,3.99709588654,0.411111111111,0.443290812558,-3.7
threeBeesF2,AQVKAAIAKKSAAGFLAKAQVAAGA,270-297,0.660898319006,True,3.99680416398,0.559259259259,0.331116637075,-1.27777777778
BterF2,AIAIAIAKR,182-191,0.630317361716,True,1.99768595424,1.36666666667,0.287834457356,45.1111111111
rootF3,AAAAVAAA,283-291,0.627420876514,True,-0.00201570060725,2.1,0.111095684274,8.75
BterF2,AQVKAELAKKAAAGFLAKARLAASA,270-297,0.623341261318,True,3.99857597543,0.366666666667,0.34374526367,4.65925925926
rootF4,AAAALAAA,283-291,0.591107358344,True,-0.00201570060725,2.05,0.108866881839,8.75
rootF1F4,AAAALAAA,283-291,0.591107358344,True,-0.00201570060725,2.05,0.108866881839,8.75
root,AAAALAAA,283-291,0.591107358344,True,-0.00201570060725,2.05,0.108866881839,8.75
OsmaF2,LIKQSIAAI,182-191,0.576917875963,True,0.997689265541,1.41111111111,0.460486652309,74.5888888889
AmelF4,LTNKVAALV,182-191,0.571171133133,True,0.997689265541,1.27777777778,0.398756284995,9.06666666667
twoBeesF4,LTNKVAALV,182-191,0.571171133133,True,0.997689265541,1.27777777778,0.398756284995,9.06666666667
threeBeesF3,KTKATAAADAKASAMVKASALALAEAYLRASAASAAASAKAAAAVKEA,KIKT region,0.557558603278,True,3.99935710041,0.335593220339,0.381482372447,8.64576271186
MforF4,AAAAALAIAEAAVAI,282-297,0.524767819113,True,-1.00024057786,2.1,0.202805203867,9.33333333333
OsmaF4,KSCALAAKSTAQAVALVEKVARAEVDLAESARKATRLSA,flocculator,0.519700125644,True,2.94059136655,0.125641025641,0.742121595391,17.0102564103
rootF3,SAAAAVAAAAAAAAV,282-297,0.506823220321,True,-0.00201570060725,1.94666666667,0.096791620541,9.33333333333
twoAntsF3,NGAPKLGLGLKKVSLALAKAEASAAAGA,116-156,0.502375641821,True,2.99857928673,0.3,0.45581990447,-3.305
AdorF1,AKVKAIAAANLAAAASAAAEAALKA,270-297,0.502326121744,True,1.99887432058,0.881481481481,0.338736044946,1.16296296296
twoBeesF1,AKVKAIAAANLAAAASAAAEAALKA,270-297,0.502326121744,True,1.99887432058,0.881481481481,0.338736044946,1.16296296296
AdorF4,AQAKTAAAAKAAEIALKVADIAVKA,270-297,0.493475558707,True,1.99902577089,0.592592592593,0.539999982777,5.15185185185
MforF1,LSRVGASRAAATLVASAAVEAKAGLRAG,116-156,0.484154709826,True,2.99945445439,0.42,0.408482928804,16.7
BterF4,AQAKAAAAAKATQLALKVAETAVKT,270-297,0.477232920431,True,2.99857928673,0.281481481481,0.536770837436,-1.62962962963
OsmaF4,GASALAIA,283-291,0.467179258483,True,-0.00201570060725,1.7875,0.137260145412,-1.8625
threeBeesF2,AAGFLAKA,283-291,0.460785246441,True,0.997689265541,1.1875,0.351670901372,8.75
BterF2,AAGFLAKA,283-291,0.460785246441,True,0.997689265541,1.1875,0.351670901372,8.75
AmelF4,AQAKTAAAAKAAEIALKVAEIAVKA,270-297,0.456499842831,True,2.00035440948,0.592592592593,0.528831775805,15.4296296296
twoBeesF4,AQAKTAAAAKAAEIALKVAEIAVKA,270-297,0.456499842831,True,2.00035440948,0.592592592593,0.528831775805,15.4296296296
AdorF4,AEIALKVA,283-291,0.44834518258,True,-0.000535611713447,1.3125,0.453321907764,11.6
threeBeesF4,AEIALKVA,283-291,0.44834518258,True,-0.000535611713447,1.3125,0.453321907764,11.6
twoBeesF4,AEIALKVA,283-291,0.44834518258,True,-0.000535611713447,1.3125,0.453321907764,11.6
AmelF4,AEIALKVA,283-291,0.44834518258,True,-0.000535611713447,1.3125,0.453321907764,11.6
BterF1,AKLKAAAAASAAAAASAAAEAALKA,270-297,0.442270746372,True,1.99887432058,0.792592592593,0.338736044946,-0.914814814815
BterF4,TQLALKVA,283-291,0.430865362889,True,0.997689265541,0.9125,0.433573917367,-21.9
rootF2,AIDKAIAMM,182-191,0.413487869358,True,-0.00186425030425,1.2,0.459616626149,-3.74444444444
BterF2,AAAGFLAKARLAASA,282-297,0.412535157376,True,1.99768595424,1.01333333333,0.231312014324,9.33333333333
threeBeesF4,AQAKAAAAAKAAEIALKVAETAVKA,270-297,0.407683380484,True,2.00035440948,0.492592592593,0.535337434026,8.2962962963
AdorF2,AANFLAKA,283-291,0.403704347178,True,0.997689265541,0.8,0.505820460428,-10.0375
AmelF2,AANFLAKA,283-291,0.403704347178,True,0.997689265541,0.8,0.505820460428,-10.0375
twoBeesF2,AANFLAKA,283-291,0.403704347178,True,0.997689265541,0.8,0.505820460428,-10.0375
twoBeesF2,ALAAAIAKR,182-191,0.39157104221,True,1.99768595424,0.988888888889,0.304674235058,45.1111111111
AmelF2,ALAAAIAKR,182-191,0.39157104221,True,1.99768595424,0.988888888889,0.304674235058,45.1111111111
AdorF2,ALAAAIAKR,182-191,0.39157104221,True,1.99768595424,0.988888888889,0.304674235058,45.1111111111
MforF4,TTAKAVAMV,182-191,0.388679878325,True,0.997689265541,1.15555555556,0.304309989179,8.88888888889
twoAntsF4,TTAKAVAMV,182-191,0.388679878325,True,0.997689265541,1.15555555556,0.304309989179,8.88888888889
rootF3,ASAKAVATV,182-191,0.382682928521,True,0.997689265541,1.13333333333,0.312908631383,8.88888888889
AdorF4,AAEIALKVADIAVKA,282-297,0.381380599573,True,-0.000384161410446,1.14666666667,0.478426043896,3.27333333333
root,IGAMKVGMGMAKASAFAEAMSIGLGVG,116-156,0.368568835196,True,0.999169354435,0.6775,0.399888924496,11.58
OsmaF2,LSASAGKAQQSATRALQAARAAAKA,270-297,0.35876435977,True,3.99738760909,-0.125925925926,0.59684436277,40.8555555556
twoBeesF3,RASALSAAASAKAAAALKNAQQAQLIAQEKALAALKAQS,flocculator,0.35368615603,True,3.99857597543,0.161538461538,0.384012706673,26.5333333333
AdorF3,RASALSAAASAKAAAALKNAQQAQLVAQEKALAALKAQS,flocculator,0.348462133958,True,3.99857597543,0.153846153846,0.384012706673,26.5333333333
threeBeesF3,RASAASAAASAKAAAAVKEAKQAQLIAQEKALAALKAQS,flocculator,0.328632024303,True,4.00005606432,0.110256410256,0.398544369539,29.1051282051
AmelF4,AAEIALKVAEIAVKA,282-297,0.326650203027,True,0.000944477180359,1.14666666667,0.466498437941,21.7733333333
twoBeesF4,AAEIALKVAEIAVKA,282-297,0.326650203027,True,0.000944477180359,1.14666666667,0.466498437941,21.7733333333
OsmaF4,AGASALAIAQAALNI,282-297,0.317332100694,True,-0.00201570060725,1.4,0.319826033499,32.9666666667
MforF3,AVNAAAAA,283-291,0.316491039866,True,-0.00201570060725,1.4375,0.242504223343,8.75
OsmaF3,IAKAASGQGGTRAAVDAAAAAAAAAAL,270-297,0.31550945294,True,0.998132438395,0.792592592593,0.46073576533,5.48888888889
threeBeesF1,AKVKAAAAANSAAAASAAAEAALKA,270-297,0.304022243869,True,1.99887432058,0.611111111111,0.338736044946,1.16296296296
MforF3,AAVNAAAAAAAASAL,282-297,0.298799426134,True,-0.00201570060725,1.56666666667,0.144105154961,9.33333333333
BterF3,ASAKAAAAV,182-191,0.298241798874,True,0.997689265541,1.14444444444,0.225938700589,8.88888888889
threeBeesF3,ASAKAAAAV,182-191,0.298241798874,True,0.997689265541,1.14444444444,0.225938700589,8.88888888889
threeBeesF2,AIATAIAKR,182-191,0.282365230813,True,1.99768595424,0.788888888889,0.329841198423,45.1111111111
rootF3,NGAPKLGMGMKASALAKAKAIAAADA,116-156,0.280587520694,True,2.99725064814,0.1925,0.389297997902,0.19
BterF3,RASAAFAAASAKAAAAVKEATQAQLLAQEKALIALKTQS,flocculator,0.274556626873,True,3.00035109818,0.271794871795,0.409950856864,19.1666666667
OsmaF2,SATRALQAARAAAKA,282-297,0.273441803073,True,2.99768264294,0.02,0.59684436277,31.0666666667
twoBeesF3,ASAKAAAAL,182-191,0.265802902036,True,0.997689265541,1.1,0.223806066992,8.88888888889
AmelF3,ASAKAAAAL,182-191,0.265802902036,True,0.997689265541,1.1,0.223806066992,8.88888888889
AdorF3,ASAKAAAAL,182-191,0.265802902036,True,0.997689265541,1.1,0.223806066992,8.88888888889
twoAntsF3,AAVDAAAAAAAAAAL,282-297,0.260766097729,True,-1.00156921645,1.74,0.162900436993,-0.686666666667
OsmaF3,AAVDAAAAAAAAAAL,282-297,0.260766097729,True,-1.00156921645,1.74,0.162900436993,-0.686666666667
AdorF3,NGAPVLGKNIFKSLEKIKASAGADA,116-156,0.255350468915,True,1.99902577089,-0.035,0.488342784234,5.865
OsmaF1,LSRAASAATQRAVAA,282-297,0.252780857893,True,1.99797767679,0.386666666667,0.499510264297,17.1466666667
OsmaF4,STAQAVALV,182-191,0.251904549725,True,-0.00201570060725,1.4,0.205819235109,8.88888888889
AdorF1,LAAAASAAAEAALKA,282-297,0.241740932363,True,-0.000535611713447,1.16,0.338736044946,3.67333333333
twoBeesF1,LAAAASAAAEAALKA,282-297,0.241740932363,True,-0.000535611713447,1.16,0.338736044946,3.67333333333
MforF2,LAATAAKAKESAMKSLSAAQAAAKA,270-297,0.240092114853,True,2.99857928673,0.2,0.368949287189,15.6518518519
twoAntsF4,AAAAALAIAEAAVDI,282-297,0.232566275541,True,-1.99979409371,1.74666666667,0.319458540182,-0.686666666667
AmelF4,NAAIGASELTNKVAALVAGATGAQARATAASSSALKASL,flocculator,0.226236854026,True,1.99916604313,0.505128205128,0.39069712532,13.7153846154
MforF3,RAEANAAAAAEALAMIKKIAMARSSAYVQAAWASAQASADALASARVA,KIKT region,0.221083301282,True,2.00053061322,0.337288135593,0.4510180366,13.7355932203
twoAntsF1,ISRVGASTASATLASAAAEAKAGLRAG,116-156,0.217612648718,True,1.99945776569,0.3025,0.427503780392,11.385
rootF2,AAGSLAAA,283-291,0.213819499928,True,-0.00201570060725,1.45,0.137406394699,8.75
twoAntsF1,STRAASAAAQRAVAA,282-297,0.212425032406,True,1.99797767679,0.253333333333,0.530044426055,9.33333333333
threeBeesF4,AAEIALKVAETAVKA,282-297,0.193444131323,True,0.000944477180359,0.8,0.535337434026,8.93333333333
rootF1F4,IGGMKVGTGMAKASASAEAMSIGLGVG,116-156,0.190671439957,True,0.999169354435,0.4675,0.428727211824,12.5425
rootF4,IGGMKVGTGMAKASASAEAMSIGLGVG,116-156,0.190671439957,True,0.999169354435,0.4675,0.428727211824,12.5425
MforF2,AMKSLSAA,283-291,0.187250811348,True,0.997689265541,0.7,0.406070719036,8.75
twoBeesF2,SAANFLAKAQVAAAA,282-297,0.184461974682,True,0.997689265541,0.9,0.243692631683,-5.71333333333
twoAntsF3,AVDAAAAA,283-291,0.17673887793,True,-1.00156921645,1.4375,0.257434217148,-10.0375
OsmaF3,AVDAAAAA,283-291,0.17673887793,True,-1.00156921645,1.4375,0.257434217148,-10.0375
BterF4,ATQLALKVAETAVKT,282-297,0.176138148832,True,0.999169354435,0.42,0.536770837436,-8.93333333333
BterF3,SAALAAQTAAAAAAI,282-297,0.172638069393,True,-0.00201570060725,1.42,0.118996898268,9.33333333333
AmelF3,RASALSAAASAKAAAALKNAQQAQLNAQEKSLAALKAQS,flocculator,0.169104042799,True,3.99857597543,-0.110256410256,0.384012706673,26.5333333333
twoBeesF1,AAAASAAA,283-291,0.166492055557,True,-0.00201570060725,1.475,0.0766081299937,8.75
BterF1,AAAASAAA,283-291,0.166492055557,True,-0.00201570060725,1.475,0.0766081299937,8.75
AdorF1,AAAASAAA,283-291,0.166492055557,True,-0.00201570060725,1.475,0.0766081299937,8.75
rootF1,AAAASAAA,283-291,0.166492055557,True,-0.00201570060725,1.475,0.0766081299937,8.75
threeBeesF1,AAAASAAA,283-291,0.166492055557,True,-0.00201570060725,1.475,0.0766081299937,8.75
AmelF2,SAANFLAKAQIAAAA,282-297,0.162088165773,True,0.997689265541,0.92,0.220584199966,-0.686666666667
twoAntsF2,LGASAAKAKESATRSLSAAQAAAKA,270-297,0.155430075275,True,2.99887100928,-0.0037037037037,0.429024970119,28.7814814815
BterF1,AAAAASAAAEAALKA,282-297,0.151191216439,True,-0.000535611713447,1.02666666667,0.338736044946,3.67333333333
twoAntsF1,LADDAAVLV,182-191,0.14855557787,True,-2.0011227323,1.6,0.334759615385,-0.544444444444
OsmaF1,LADDAAVLV,182-191,0.14855557787,True,-2.0011227323,1.6,0.334759615385,-0.544444444444
MforF2,AAERAIAAM,182-191,0.139215374957,True,-0.000243889161693,0.822222222222,0.469924780009,8.88888888889
threeBeesF4,IIGKKVGTGASEVASASGEAIAISLGAG,116-156,0.139211362974,True,0.000944477180359,0.4975,0.506024374507,-5.6775
AmelF1,AKAKAIAAANLAAEASVAAEAALKA,270-297,0.117380716764,True,1.00064944333,0.685185185185,0.308257889047,5.37407407407
threeBeesF3,NGAPKLGKSTAAALAKTKATAAADA,116-156,0.117255994352,True,2.99725064814,-0.0575,0.452917409379,-1.9325
AdorF4,NAAINASELANKVAALVAGATAAQARAAAASSDALKASL,flocculator,0.111555078448,True,0.999612527289,0.541025641026,0.458766306506,19.1615384615
twoAntsF3,IAEAAAGKNRAAVDAAAAAAAAAAL,270-297,0.108894682004,True,-9.24388586921e-05,0.814814814815,0.479417492151,-0.192592592593
OsmaF4,EALSRGLGIGQAAAEAQAAAAGQAAIAAKSCALAAKSTAQAVALVEKV,KIKT region,0.106535595281,True,0.940446538849,0.476271186441,0.338173818841,9.00508474576
twoAntsF1,AAEKADKALASTRAASAAAQRAVAA,270-297,0.104549396379,True,1.99960921599,0.0666666666667,0.530044426055,2.22962962963
threeBeesF2,SAAGFLAKAQVAAGA,282-297,0.0977280647625,True,0.997689265541,0.96,0.132607131292,-1.35333333333
twoBeesF4,NAAINASELTNKVAALVAGATAAQARAAAASSDALKASL,flocculator,0.0768497199153,True,0.999612527289,0.476923076923,0.458766306506,15.3076923077
MforF3,NGAPKLGLGWKKVSMGVERAEANAAAAA,116-156,0.0719100919703,True,2.00064613203,-0.07,0.433568238177,4.025
OsmaF1,AAEQANKALALSRAASAATQRAVAA,270-297,0.0717760869526,True,1.99945776569,0.155555555556,0.499510264297,28.762962963
AdorF2,SAANFLAKAQVAAAT,282-297,0.0712748297764,True,0.997689265541,0.733333333333,0.243692631683,-5.71333333333
threeBeesF3,SAASAVEAAAAAAAV,282-297,0.0684598498841,True,-1.00024057786,1.42,0.208001054372,9.33333333333
AdorF1,LPELVKGSASATASTAVTARSGLRAG,116-156,0.0578542911371,True,1.99945776569,0.1525,0.398750659211,25.745
AmelF1,LPELVKGSASATASTAVTARSGLRAG,116-156,0.0578542911371,True,1.99945776569,0.1525,0.398750659211,25.745
twoBeesF1,LPELVKGSASATASTAVTARSGLRAG,116-156,0.0578542911371,True,1.99945776569,0.1525,0.398750659211,25.745
MforF2,SAMKSLSAAQAAAKA,282-297,0.0544665602542,True,1.99739423169,0.306666666667,0.346566232182,9.33333333333
OsmaF2,ATRALQAA,283-291,0.0537035951662,True,0.997980988092,0.2875,0.632868179116,49.5
OsmaF1,IRGASTTSVTLAAAAAEAKAALNAG,116-156,0.0523206628326,True,0.999461076986,0.36,0.313483036392,1.005
AdorF4,ILGRRVGTGASEVASSSGEAIAISLGAG,116-156,0.048252616724,True,0.00152792228387,0.385,0.625241937984,27.3325
twoBeesF4,ILGRRVGTGASEVASSSGEAIAISLGAG,116-156,0.048252616724,True,0.00152792228387,0.385,0.625241937984,27.3325
BterF1,LLEIVQGSASATASTAVTARSGLRAG,116-156,0.0417995078667,True,0.999752799538,0.315,0.340814542296,22.12
threeBeesF1,LLEIVQGSASATASTAVTARSGLRAG,116-156,0.0417995078667,True,0.999752799538,0.315,0.340814542296,22.12
AmelF4,IFGRRVGTGASEVASSSGEAIAISLGAG,116-156,0.0397552458166,True,0.00152792228387,0.36,0.625241937984,22.5175
rootF1,SADKAAALV,182-191,0.03694177801,True,-0.00186425030425,0.777777777778,0.361209159434,-9.97777777778
BterF3,AALAAQTA,283-291,0.0350500178678,True,-0.00201570060725,1.075,0.20916828204,8.75
threeBeesF1,SAAAASAAAEAALKA,282-297,0.0334765857366,True,-0.000535611713447,0.853333333333,0.338736044946,3.67333333333
twoBeesF3,NGAPVLGKNTFKSLEKIKASAGADA,116-156,0.0283029427224,True,1.99902577089,-0.165,0.488342784234,-7.2425
twoAntsF1,TRAASAAA,283-291,0.0280560224629,True,0.997980988092,0.375,0.464180731387,8.75
rootF2,IGAKNVGLDMAKASAFAEAMSILGLG,116-156,0.000126325996538,True,-0.000384161410446,0.5125,0.397110776109,15.325
threeBeesF3,AASAVEAA,283-291,-0.00371566576633,False,-1.00024057786,1.1125,0.33593922502,8.75
BterF4,AAAANAGESSNSAAALVAAAAAAQGKAAAAAAAATKASL,flocculator,-0.00377270491712,False,0.999169354435,0.684615384615,0.249707278193,15.5102564103
twoAntsF2,AIEQAIAAM,182-191,-0.0216479159318,False,-1.00024057786,1.23333333333,0.393788176609,79.1111111111
OsmaF3,NGAPNIGLGLKQVSLALAKAQASAQSSA,116-156,-0.024955924359,False,1.99739423169,0.13,0.407973851446,33.8825
BterF4,ITGKKLGTGASEVAAASGEAIATTLGAG,116-156,-0.059042267396,False,0.000944477180359,0.295,0.504329084215,-5.6775
OsmaF3,RAAEAAARASAEALATVRAAEQAQKIAEAKGRAAAEALS,flocculator,-0.0720466483474,False,1.00625660022,-0.110256410256,0.682976335844,10.3282051282
MforF1,LADDTAVLV,182-191,-0.0794320613809,False,-2.0011227323,1.32222222222,0.261394078973,-17.2444444444
twoAntsF2,ATRSLSAA,283-291,-0.082640573285,False,0.997980988092,0.3,0.526634482967,63.675
twoAntsF2,SATRSLSAAQAAAKA,282-297,-0.0900124152842,False,1.99768595424,0.0933333333333,0.410333714336,38.6266666667
threeBeesF4,STNKAAALV,182-191,-0.0982866297173,False,0.997689265541,0.5,0.285639825923,18.5
AmelF3,NGAPVLGKNTLQSLEKIKTSASVNA,116-156,-0.101247928433,False,1.99887432058,-0.1425,0.426128337252,19.895
twoAntsF3,ASAEALATV,182-191,-0.105250254082,False,-1.00024057786,1.13333333333,0.226866450573,8.88888888889
OsmaF3,ASAEALATV,182-191,-0.105250254082,False,-1.00024057786,1.13333333333,0.226866450573,8.88888888889
AmelF1,LAAEASVAAEAALKA,282-297,-0.120109227811,False,-0.998760488968,0.966666666667,0.308257889047,3.67333333333
threeBeesF4,DAAANASESTNKAAALVAGAAAAQARAAAAASAASKASL,flocculator,-0.121789554713,False,0.999612527289,0.376923076923,0.34459879473,19.6615384615
twoAntsF4,IEGVKVGTGIGNTASASAEALSRGLGIG,116-156,-0.155854822563,False,0.00123619973211,0.28,0.44140005388,-2.5875
MforF4,VEGAKIGTGIGNTASASAEALSRGLGIG,116-156,-0.163256077661,False,0.00123619973211,0.22,0.450339654494,-12.8525
rootF3,RAAAASAAASAKAVATVKEAEQAQLIAEEKAIAASKALS,flocculator,-0.164037035668,False,1.00390134367,0.271794871795,0.377070918345,22.3025641026
MforF4,AEAKANAGREAAAAALAIAEAAVAI,270-297,-0.16726982858,False,-0.996988677522,0.718518518519,0.320594979258,8.51851851852
rootF1F4,STDKAVAMV,182-191,-0.169937962001,False,-0.00186425030425,0.555555555556,0.328728619891,-0.544444444444
root,STDKAVAMV,182-191,-0.169937962001,False,-0.00186425030425,0.555555555556,0.328728619891,-0.544444444444
rootF4,STDKAVAMV,182-191,-0.169937962001,False,-0.00186425030425,0.555555555556,0.328728619891,-0.544444444444
twoAntsF3,RAAEASARASAEALATVRAAEQAQKIAEAKGRAASEALS,flocculator,-0.173909094632,False,1.00625660022,-0.24358974359,0.682976335844,15.2666666667
AdorF1,AADLTAKLS,182-191,-0.177474341876,False,-0.00186425030425,0.455555555556,0.36538086761,-9.97777777778
twoBeesF1,AADLTAKLS,182-191,-0.177474341876,False,-0.00186425030425,0.455555555556,0.36538086761,-9.97777777778
AmelF1,AADLTAKLS,182-191,-0.177474341876,False,-0.00186425030425,0.455555555556,0.36538086761,-9.97777777778
OsmaF2,SAGAKANALIKQSIAAIEITEKAEYLASIVATKAAKAAE,flocculator,-0.179021606852,False,1.0027592069,0.3,0.387008000575,41.6948717949
BterF4,SSNSAAALV,182-191,-0.185294788116,False,-0.00201570060725,0.833333333333,0.202660252779,30.2888888889
AmelF3,SANAALEVSAAAAAA,282-297,-0.187527906552,False,-1.00024057786,1.04,0.20996660234,9.33333333333
AmelF1,TARSGLRAGQVALASQKDAVLQAQAAASAASEARAAADLTAKLSQES,KIKT region,-0.202357004479,False,1.00182751159,-0.0610169491525,0.519297950026,36.0305084746
BterF1,TARSGLRAGQVAVASQKDATLQADASAAAAAAARASADQSASLAQQS,KIKT region,-0.230589975647,False,0.999018784105,-0.0762711864407,0.396437096054,41.1322033898
AmelF1,AAEASVAA,283-291,-0.248007383649,False,-1.00024057786,1.1125,0.104971285901,8.75
root,SAAAALAAAEAAVEA,282-297,-0.248462881316,False,-1.99846545512,1.21333333333,0.228561074944,9.33333333333
rootF1F4,SAAAALAAAEAAVEA,282-297,-0.248462881316,False,-1.99846545512,1.21333333333,0.228561074944,9.33333333333
rootF4,SAAAALAAAEAAVEA,282-297,-0.248462881316,False,-1.99846545512,1.21333333333,0.228561074944,9.33333333333
OsmaF1,SRAASAAT,283-291,-0.26097617393,False,0.997980988092,0.05,0.451731200449,32.825
rootF1,ISGMEVGTASATASAAAEAKSGLRAG,116-156,-0.272128066359,False,0.00123619973211,0.18,0.340814542296,6.32
MforF3,ASADALASA,182-191,-0.284485412346,False,-1.00156921645,0.855555555556,0.21558213647,-0.544444444444
BterF2,AAEAGAAAAIAIAIAKREEAIKASELASKLLTAAAGSSE,flocculator,-0.294688242544,False,-0.994028499734,0.507692307692,0.504308963001,34.7461538462
twoBeesF3,NAKSALEASAAAAAA,282-297,-0.299404044483,False,-0.000535611713447,0.5,0.263138710107,9.33333333333
AdorF3,NAKSALEASAAAAAA,282-297,-0.299404044483,False,-0.000535611713447,0.5,0.263138710107,9.33333333333
AmelF3,ANAALEVS,283-291,-0.312542579475,False,-1.00024057786,0.7,0.308815191029,8.75
AdorF4,EAIAISLGAGQAAAESQAVAASQSKTAANAAINASELANKVAALVAGA,KIKT region,-0.338576256633,False,-0.997280400074,0.449152542373,0.434655798341,27.9983050847
OsmaF2,SAISDVSTLTDDRTLNGLAIIGNSAESLARAQASSSASAGAKANALIKQSIAAIEIT,KIKT region,-0.344921803535,False,-0.997722692955,0.242372881356,0.621838412401,35.693220339
MforF1,AARMMEKALAATQDANAAAQQAMAA,270-297,-0.37167404795,False,-9.24388586921e-05,0.037037037037,0.532113989584,23.4962962963
OsmaF4,IEGVNVGTGVSNTASASAEALSRGLGIG,116-156,-0.390836481887,False,-0.998468766416,0.2725,0.331808731791,4.5
twoBeesF1,TARSGLRAGQVALASQKDAVLQAEAAASAASEARAAADLTAKLSQES,KIKT region,-0.400673736356,False,0.00360263433543,-0.0610169491525,0.519297950026,36.0305084746
AdorF1,TARSGLRAGQVALASQKDAVLQAEAAASAASEARAAADLTAKLSQES,KIKT region,-0.400673736356,False,0.00360263433543,-0.0610169491525,0.519297950026,36.0305084746
rootF1,SAAAASAAAEAAVEA,282-297,-0.407907856061,False,-1.99846545512,0.906666666667,0.274717816607,9.33333333333
twoBeesF4,EAIAISLGAGQAAAESQAVAASQSKTAANAAINASELTNKVAALVAGA,KIKT region,-0.413268864349,False,-0.997280400074,0.406779661017,0.39069712532,25.4508474576
AmelF4,EAIAISLGAGQSAAESQALAASQSKTAANAAIGASELTNKVAALVAGA,KIKT region,-0.42877209288,False,-0.997280400074,0.408474576271,0.39069712532,31.4593220339
rootF2,SAAGSLAAAQAAAEA,282-297,-0.442893912594,False,-1.00024057786,0.733333333333,0.165433888343,9.33333333333
AdorF2,AAEAGANAALAAAIAKREEAIKASEIASQLLTNAAKAAE,flocculator,-0.459678378955,False,-0.994028499734,0.220512820513,0.52907870482,33.0692307692
twoBeesF2,AAEAGANAALAAAIAKREEAIKASEIASQLLTNAAKAAE,flocculator,-0.459678378955,False,-0.994028499734,0.220512820513,0.52907870482,33.0692307692
threeBeesF2,AAEAGANAAIATAIAKREEAIKASEIASQLLTAAAKAAE,flocculator,-0.462503441289,False,-0.994028499734,0.310256410256,0.477131537807,36.9230769231
MforF3,IAEASALNNEAAVNAAAAAAAASAL,270-297,-0.464670513411,False,-1.99846545512,0.82962962963,0.294292607432,8.51851851852
rootF2,AEAKAANAKKSAAGSLAAAQAAAEA,270-297,-0.466840273543,False,1.00064944333,0.0481481481481,0.336764274678,8.51851851852
BterF3,NGAPKLGESTAAALASTKATAAAEA,116-156,-0.471256587345,False,0.000944477180359,0.03,0.389913560219,5.2425
twoBeesF3,AKSALEAS,283-291,-0.47998145876,False,-0.000535611713447,0.025,0.396136206917,8.75
AdorF3,AKSALEAS,283-291,-0.47998145876,False,-0.000535611713447,0.025,0.396136206917,8.75
AmelF2,AAEAGANAALAAAIAKREEAIKASEIANQLLTNAAKAAE,flocculator,-0.49095308365,False,-0.994028499734,0.151282051282,0.52907870482,26.1974358974
MforF2,VGIKNGGLDVAKGAAVLEAAMSDVATLTDQRSLVDLGLG,116-156,-0.492083098433,False,-1.99904802025,0.47,0.484158196249,18.3
OsmaF4,AEAKANAAQEAGASALAIAQAALNI,270-297,-0.499370727688,False,-0.998760488968,0.448148148148,0.319826033499,28.7814814815
twoAntsF2,VGVKNGGLDVAKGAAVLEAAMSDVSTLTDERSLILGLG,116-156,-0.525545014409,False,-1.99771938165,0.4925,0.456889443403,25.0825
threeBeesF4,EAIAISLGAGQAAAEAQAVAAAQAKTAADAAANASESTNKAAALVAGA,KIKT region,-0.561319096704,False,-1.99683391592,0.374576271186,0.426680754018,11.4745762712
AmelF2,RAAENVGLNLELG,116-156,-0.567270545698,False,-0.998468766416,-0.0025,0.496684105399,0.6275
MforF2,QAGAVANSAAERAIAAMEMADRTEYIAALVTTKAAKAAE,flocculator,-0.579994282072,False,-0.995915829992,0.15641025641,0.40553683234,9.38205128205
BterF3,AEQSAAQSKWSAALAAQTAAAAAAI,270-297,-0.599498027453,False,-0.000535611713447,0.362962962963,0.359824796692,48.2
OsmaF2,VGVKNGGVDVAKGAAVVESAISDVSTLTDDRTLNGLA,116-156,-0.601008843463,False,-1.99904802025,0.275,0.455477748875,2.035
rootF4,AEAKAADAKKSAAAALAAAEAAVEA,270-297,-0.624914582232,False,-0.997128949771,0.314814814815,0.342090654544,5.37407407407
rootF1F4,AEAKAADAKKSAAAALAAAEAAVEA,270-297,-0.624914582232,False,-0.997128949771,0.314814814815,0.342090654544,5.37407407407
root,AEAKAADAKKSAAAALAAAEAAVEA,270-297,-0.624914582232,False,-0.997128949771,0.314814814815,0.342090654544,5.37407407407
BterF2,ELNAAARAAAAAATKQAKDTEAAEAGAAAAIAIAIAKREEA,KIKT region,-0.630819949336,False,-0.99358532688,0.0779661016949,0.430945414261,21.1220338983
BterF1,AAAAAARASADQSASLAQQSASLQSKAAARAKSAEESAA,flocculator,-0.636110027441,False,1.00138433873,-0.197435897436,0.331391262975,67.9615384615
AdorF2,ELNAGARAASVAAAAQAKNTEAAEAGANAALAAAIAKREEA,KIKT region,-0.651925036186,False,-0.993736777183,0.028813559322,0.442896594518,16.7779661017
twoBeesF2,ELNAGARAASVAAAAQAKNTEAAEAGANAALAAAIAKREEA,KIKT region,-0.651925036186,False,-0.993736777183,0.028813559322,0.442896594518,16.7779661017
MforF3,QAAWASAQASADALASARVAQASQEAAEAKGRAASEALS,flocculator,-0.652153177622,False,-0.996545504667,-0.117948717949,0.528687051976,16.3512820513
BterF4,EAIATTLGAGQAAAEAQAAAAAQAKSAAAAAANAGESSNSAAALVAAA,KIKT region,-0.654296105486,False,-1.99698536622,0.430508474576,0.295016434507,11.6084745763
threeBeesF1,TARSGLRAGQVAVASQKDAALQAEASAAAAAEARASADQSASLAQES,KIKT region,-0.659526995789,False,-0.996102331813,-0.123728813559,0.396437096054,38.3881355932
threeBeesF2,ELNAAARAAGVAAAAQAKNTEAAEAGANAAIATAIAKREEA,KIKT region,-0.675607862531,False,-0.993736777183,0.0423728813559,0.422612873646,18.2169491525
AmelF2,ELGAGARAASVAAAAQAKNTEAAEAGANAALAAAIAKREEA,KIKT region,-0.691156283136,False,-0.993736777183,0.0813559322034,0.352772488036,15.3389830508
MforF4,EALSRGLGIGQAAAEAQAAAAGQAEVAAKSCELADKTTAKAVAMVEAA,KIKT region,-0.698267550175,False,-2.0555567315,0.220338983051,0.396612062297,7.56610169492
rootF1,EAKSGLRAGQAAVEAQKEAALQAKASADAAAEARASADKAAALVQEA,KIKT region,-0.707429713509,False,-0.993433876577,-0.177966101695,0.490943687789,15.3644067797
twoAntsF4,AEAKANAAQEAAAAALAIAEAAVDI,270-297,-0.709144669328,False,-2.99653888207,0.640740740741,0.319458540182,10.0851851852
twoAntsF4,EALSRGLGIGQAAAEAQAAAAGQAEIAAKSCALADKTTAKAVAMVEEA,KIKT region,-0.718772566749,False,-2.0555567315,0.225423728814,0.356657797247,16.3559322034
twoAntsF4,KSCALADKTTAKAVAMVEEAAEAEIEVAEKAIAAAKLSA,flocculator,-0.72681943173,False,-2.05436836516,0.302564102564,0.429633434005,36.1358974359
rootF1,AEAKAADAMNSAAAASAAAEAAVEA,270-297,-0.837361286687,False,-2.99653888207,0.374074074074,0.274717816607,5.37407407407
AmelF3,QLQDAERTKWSANAALEVSAAAAAA,270-297,-0.885132740789,False,-0.998317316113,-0.103703703704,0.606767985236,27.7259259259
rootF2,DAAAEANAAIDKAIAMMEEAAKAQSIAAQMATAAAKAAE,flocculator,-0.912822793569,False,-2.99490734287,0.223076923077,0.467360659033,29.6179487179
MforF1,ATQDANAAAQQAMAA,282-297,-0.914140350565,False,-1.00156921645,-0.126666666667,0.334878918114,38.2133333333
BterF1,SADQSASLA,182-191,-0.932804851133,False,-1.00156921645,-0.0222222222222,0.271967956061,48.2777777778
threeBeesF1,SADQSASLA,182-191,-0.932804851133,False,-1.00156921645,-0.0222222222222,0.271967956061,48.2777777778
threeBeesF3,AEQDAAQTKWSAASAVEAAAAAAAV,270-297,-0.934500464319,False,-1.99831400481,0.266666666667,0.401790989436,22.7851851852
rootF3,AEEDAAETKWSAAAAVAAAAAAAAV,270-297,-0.962549352486,False,-2.99653888207,0.559259259259,0.386101457603,27.7259259259
twoBeesF2,RASENVGLNLELN,116-156,-0.968050220023,False,-0.998468766416,-0.145,0.427536912097,5.4425
AdorF2,RASENVGLNLELN,116-156,-0.968050220023,False,-0.998468766416,-0.145,0.427536912097,5.4425
twoAntsF2,NAGAEANAAIEQAIAAMEMADKAEYIAALVATKAAKAAE,flocculator,-0.972023085836,False,-2.9944291185,0.264102564103,0.36971911559,22.5820512821
twoAntsF1,EAKAGLRAGKATVEEQREALQLLTASADKNAEARSLADDAAVLVQGA,KIKT region,-0.992813613361,False,-1.99269566987,-0.213559322034,0.485309879811,25.4593220339
BterF2,RASQNVGLRTELN,116-156,-0.992898594915,False,0.999752799538,-0.2825,0.389954523251,10.2575
threeBeesF1,AAAAEARASADQSASLAQESASVQSKAAAKAKAAEEAAA,flocculator,-0.996812246881,False,-0.995357138325,-0.174358974359,0.30809504269,48.3358974359
MforF4,KSCELADKTTAKAVAMVEAAAEAEIEVANQEVAAVKLST,flocculator,-1.08095073752,False,-3.05407333131,0.166666666667,0.356657797247,30.0435897436
threeBeesF2,RASENVGLNMELN,116-156,-1.10724964598,False,-0.998468766416,-0.1925,0.389356651974,5.4425
AdorF1,SAASEARAAADLTAKLSQESASVQSQAAAKGKETEEAAV,flocculator,-1.11727269495,False,-1.99358201558,-0.382051282051,0.519297950026,50.2923076923
AmelF1,SAASEARAAADLTAKLSQESASVQSQAAAKGKETEEAAV,flocculator,-1.11727269495,False,-1.99358201558,-0.382051282051,0.519297950026,50.2923076923
twoBeesF1,SAASEARAAADLTAKLSQESASVQSQAAAKGKETEEAAV,flocculator,-1.11727269495,False,-1.99358201558,-0.382051282051,0.519297950026,50.2923076923
root,DAAAEASASTDKAVAMVEEAAEAQSIAAEKAIAAAKASA,flocculator,-1.1559346414,False,-3.99313222012,0.207692307692,0.429633434005,27.1923076923
rootF1F4,DAAAEASASTDKAVAMVEEAAEAQSIAAEKAIAAAKASA,flocculator,-1.1559346414,False,-3.99313222012,0.207692307692,0.429633434005,27.1923076923
rootF4,DAAAEASASTDKAVAMVEEAAEAQSIAAEKAIAAAKASA,flocculator,-1.1559346414,False,-3.99313222012,0.207692307692,0.429633434005,27.1923076923
MforF1,EAKAGLRAGKATAEEQREALEMLTLSADKNAEARILADDTAVLVQGS,KIKT region,-1.19036881099,False,-2.99092054712,-0.249152542373,0.491964935438,14.6423728814
rootF1,DAAAEARASADKAAALVQEAAEAQSIAAAKAIAAEEASA,flocculator,-1.19175459789,False,-3.99284049757,0.174358974359,0.423096037067,29.9538461538
OsmaF1,EKNAEARSLADDAAVLVQGAAEAQSVAAAKTVAVEQGSN,flocculator,-1.19505698272,False,-2.99461562032,-0.115384615385,0.424810295015,32.8615384615
MforF1,TQDANAAA,283-291,-1.22736664974,False,-1.00156921645,-0.5,0.246364439767,23.4
OsmaF1,EAKAALNAGKATVEEQREALQLLTASAEKNAEARSLADDAAVLVQGA,KIKT region,-1.2304987819,False,-2.99136371998,-0.159322033898,0.442477497073,25.0728813559
twoAntsF1,DKNAEARSLADDAAVLVQGAAEAQSVAAAKTVAVEEGSA,flocculator,-1.30419535831,False,-3.99416913616,0.0205128205128,0.424810295015,34.1051282051
AdorF3,QSQDAEQTKWNAKSALEASAAAAAA,270-297,-1.33626696304,False,-0.998609038665,-0.537037037037,0.367435550683,50.762962963
twoBeesF3,QSQDAEQTKWNAKSALEASAAAAAA,270-297,-1.33626696304,False,-0.998609038665,-0.537037037037,0.367435550683,50.762962963
root,EAMSIGLGVGQAAAEAQTVAAAQAKTSADAAAEASASTDKAVAMVEEA,KIKT region,-1.36559094093,False,-4.99283718627,0.203389830508,0.377382172403,16.4525423729
rootF1F4,EAMSIGLGVGQAAAEAQTVAAAQAKTSADAAAEASASTDKAVAMVEEA,KIKT region,-1.36559094093,False,-4.99283718627,0.203389830508,0.377382172403,16.4525423729
rootF4,EAMSIGLGVGQAAAEAQTVAAAQAKTSADAAAEASASTDKAVAMVEEA,KIKT region,-1.36559094093,False,-4.99283718627,0.203389830508,0.377382172403,16.4525423729
rootF2,EAMSILGLGPAAGEAEIVAAAQAKTTADAAAEANAAIDKAIAMMEEA,KIKT region,-1.37167721305,False,-5.99106206353,0.340677966102,0.467360659033,20.8762711864
MforF2,AAMSDVATLTDQRSLVDLGLGPVANEAEILAEAQAATSAQAGAVANSAAERAIAAMEMA,KIKT region,-1.47531411653,False,-5.99180725701,0.374576271186,0.407701930588,32.6237288136
MforF1,DKNAEARILADDTAVLVQGSAEAQSVAAAKTVAVEEESA,flocculator,-1.64421628787,False,-4.99239401342,-0.0538461538462,0.350041445563,39.3974358974
twoAntsF2,AAMSDVSTLTDERSLILGLGPVANEAEILAEAQAATSANAGAEANAAIEQAIAAMEMA,KIKT region,-1.94557199215,False,-7.98870018438,0.371186440678,0.348213507115,45.5440677966
